Date,Region,Android,iOS,Other
2015-06,Africa,57.66,4.74,37.6
2015-06,Asia,67.65,11.45,20.899999999999995
2015-06,Europe,63.81,28.41,7.779999999999998
2015-06,North America,50.93,45.58,3.490000000000002
2015-06,Oceania,42.45,54.58,2.969999999999999
2015-06,South America,78.19,10.91,10.900000000000002
2015-06,Worldwide,63.75,20.22,16.03
2015-07,Africa,57.78,4.74,37.48
2015-07,Asia,68.48,11.97,19.549999999999997
2015-07,Europe,63.66,28.41,7.930000000000003
2015-07,North America,49.75,46.69,3.5600000000000023
2015-07,Oceania,41.04,55.84,3.1199999999999974
2015-07,South America,76.68,12.27,11.049999999999994
2015-07,Worldwide,64.08,20.41,15.510000000000002
2015-08,Africa,64.25,3.18,32.57
2015-08,Asia,69.8,11.51,18.690000000000005
2015-08,Europe,63.23,28.54,8.230000000000004
2015-08,North America,49.57,46.88,3.549999999999997
2015-08,Oceania,41.13,55.56,3.309999999999995
2015-08,South America,77.84,11.09,11.069999999999997
2015-08,Worldwide,65.56,19.03,15.409999999999997
2015-09,Africa,69.09,2.82,28.089999999999996
2015-09,Asia,70.55,11.18,18.270000000000003
2015-09,Europe,64.06,27.85,8.089999999999996
2015-09,North America,50.56,45.86,3.5799999999999983
2015-09,Oceania,41.89,54.34,3.769999999999996
2015-09,South America,78.63,10.66,10.710000000000004
2015-09,Worldwide,66.77,18.14,15.090000000000003
2015-10,Africa,67.89,2.76,29.35
2015-10,Asia,70.92,10.96,18.119999999999997
2015-10,Europe,64.69,27.31,8.000000000000004
2015-10,North America,50.88,45.24,3.8799999999999955
2015-10,Oceania,42.79,53.47,3.740000000000002
2015-10,South America,78.66,10.32,11.020000000000003
2015-10,Worldwide,67.15,17.7,15.149999999999995
2015-11,Africa,66.72,3.31,29.970000000000002
2015-11,Asia,69.72,11.46,18.82
2015-11,Europe,64.01,28.46,7.529999999999994
2015-11,North America,50.15,46.49,3.3599999999999994
2015-11,Oceania,41.1,55.39,3.509999999999998
2015-11,South America,78.56,10.8,10.639999999999997
2015-11,Worldwide,65.73,19.3,14.969999999999995
2015-12,Africa,68.42,3.31,28.27
2015-12,Asia,70.17,10.91,18.919999999999998
2015-12,Europe,64.6,27.74,7.660000000000007
2015-12,North America,49.62,47.02,3.3599999999999994
2015-12,Oceania,41.49,54.73,3.780000000000001
2015-12,South America,78.24,10.46,11.300000000000004
2015-12,Worldwide,65.9,19.21,14.889999999999993
2016-01,Africa,69.12,3.29,27.589999999999996
2016-01,Asia,70.71,11.01,18.28000000000001
2016-01,Europe,64.76,28.26,6.979999999999993
2016-01,North America,49.44,47.72,2.8400000000000034
2016-01,Oceania,41.25,55.2,3.549999999999997
2016-01,South America,79.59,10.23,10.179999999999996
2016-01,Worldwide,66.28,19.58,14.14
2016-02,Africa,69.13,3.42,27.450000000000003
2016-02,Asia,71.05,10.86,18.090000000000003
2016-02,Europe,65.18,27.8,7.0199999999999925
2016-02,North America,48.47,48.71,2.8200000000000003
2016-02,Oceania,40.92,55.57,3.509999999999998
2016-02,South America,78.81,9.99,11.199999999999998
2016-02,Worldwide,66.38,19.47,14.150000000000006
2016-03,Africa,70.64,3.17,26.189999999999998
2016-03,Asia,72.61,10.99,16.4
2016-03,Europe,66.5,26.86,6.640000000000001
2016-03,North America,49.79,47.39,2.8200000000000003
2016-03,Oceania,41.92,54.77,3.309999999999995
2016-03,South America,79.77,9.93,10.300000000000004
2016-03,Worldwide,68.04,18.82,13.139999999999993
2016-04,Africa,70.13,3.13,26.740000000000006
2016-04,Asia,72.85,11.19,15.960000000000006
2016-04,Europe,66.84,26.55,6.609999999999996
2016-04,North America,50.09,46.84,3.069999999999993
2016-04,Oceania,42.95,53.42,3.6299999999999955
2016-04,South America,80.64,9.86,9.5
2016-04,Worldwide,68.28,18.8,12.919999999999998
2016-05,Africa,72.26,3.08,24.659999999999997
2016-05,Asia,73.22,11.3,15.48
2016-05,Europe,66.74,26.84,6.420000000000005
2016-05,North America,50.04,46.91,3.0500000000000043
2016-05,Oceania,41.24,55.22,3.539999999999999
2016-05,South America,80.95,10.42,8.629999999999997
2016-05,Worldwide,68.84,18.63,12.529999999999998
2016-06,Africa,74.1,3.46,22.440000000000005
2016-06,Asia,72.98,12.66,14.359999999999996
2016-06,Europe,66.89,27.36,5.75
2016-06,North America,49.61,47.66,2.730000000000004
2016-06,Oceania,40.79,56.34,2.8699999999999974
2016-06,South America,81.45,9.71,8.839999999999996
2016-06,Worldwide,68.39,20.33,11.280000000000001
2016-07,Africa,74.61,3.2,22.19
2016-07,Asia,72.78,12.61,14.61
2016-07,Europe,67.66,26.87,5.470000000000002
2016-07,North America,51.0,46.54,2.460000000000001
2016-07,Oceania,42.11,54.98,2.9100000000000037
2016-07,South America,82.39,9.51,8.1
2016-07,Worldwide,68.79,19.89,11.319999999999993
2016-08,Africa,74.87,3.37,21.759999999999994
2016-08,Asia,72.05,13.06,14.890000000000002
2016-08,Europe,68.44,26.38,5.180000000000003
2016-08,North America,50.34,47.26,2.3999999999999986
2016-08,Oceania,42.44,54.76,2.8000000000000043
2016-08,South America,83.56,8.96,7.479999999999997
2016-08,Worldwide,68.54,20.07,11.389999999999993
2016-09,Africa,74.24,3.34,22.420000000000005
2016-09,Asia,73.45,12.62,13.929999999999998
2016-09,Europe,69.01,26.17,4.819999999999993
2016-09,North America,52.09,45.05,2.8599999999999994
2016-09,Oceania,42.96,54.31,2.729999999999997
2016-09,South America,84.05,8.72,7.230000000000002
2016-09,Worldwide,69.68,19.38,10.939999999999994
2016-10,Africa,74.88,3.67,21.450000000000003
2016-10,Asia,75.42,12.21,12.369999999999997
2016-10,Europe,68.54,26.86,4.599999999999994
2016-10,North America,50.0,47.57,2.4299999999999997
2016-10,Oceania,42.95,53.87,3.1799999999999997
2016-10,South America,85.1,8.3,6.600000000000005
2016-10,Worldwide,70.84,19.12,10.039999999999996
2016-11,Africa,76.51,3.68,19.809999999999995
2016-11,Asia,76.77,11.86,11.370000000000005
2016-11,Europe,68.9,26.93,4.169999999999995
2016-11,North America,51.53,46.36,2.1099999999999994
2016-11,Oceania,43.26,53.6,3.1400000000000006
2016-11,South America,85.92,8.09,5.989999999999998
2016-11,Worldwide,72.01,18.85,9.139999999999993
2016-12,Africa,77.25,3.49,19.259999999999998
2016-12,Asia,76.72,11.8,11.48
2016-12,Europe,68.64,27.35,4.009999999999998
2016-12,North America,51.44,46.75,1.8100000000000023
2016-12,Oceania,43.59,52.73,3.6799999999999997
2016-12,South America,84.78,9.63,5.589999999999998
2016-12,Worldwide,71.97,18.89,9.14
2017-01,Africa,73.4,4.77,21.829999999999995
2017-01,Asia,77.1,11.84,11.060000000000006
2017-01,Europe,67.45,29.0,3.549999999999997
2017-01,North America,50.2,48.04,1.759999999999998
2017-01,Oceania,43.33,53.06,3.6099999999999994
2017-01,South America,85.02,9.4,5.580000000000004
2017-01,Worldwide,71.58,19.73,8.690000000000001
2017-02,Africa,74.91,4.34,20.750000000000004
2017-02,Asia,77.6,11.63,10.770000000000005
2017-02,Europe,67.75,28.76,3.4899999999999984
2017-02,North America,49.88,48.43,1.6899999999999977
2017-02,Oceania,42.7,54.29,3.009999999999998
2017-02,South America,85.33,8.67,6.000000000000002
2017-02,Worldwide,71.98,19.45,8.569999999999997
2017-03,Africa,70.69,5.37,23.94
2017-03,Asia,77.23,11.57,11.199999999999996
2017-03,Europe,67.81,28.87,3.3199999999999967
2017-03,North America,49.91,48.53,1.5600000000000023
2017-03,Oceania,41.17,53.61,5.219999999999999
2017-03,South America,85.56,8.76,5.679999999999998
2017-03,Worldwide,71.61,19.5,8.89
2017-04,Africa,70.84,5.39,23.769999999999996
2017-04,Asia,76.91,12.92,10.170000000000003
2017-04,Europe,68.59,28.25,3.1599999999999966
2017-04,North America,49.91,48.52,1.5700000000000003
2017-04,Oceania,41.22,53.21,5.57
2017-04,South America,85.68,8.91,5.409999999999993
2017-04,Worldwide,71.84,19.87,8.289999999999996
2017-05,Africa,72.77,5.61,21.620000000000005
2017-05,Asia,78.17,11.97,9.859999999999998
2017-05,Europe,68.31,28.62,3.0699999999999967
2017-05,North America,50.19,48.23,1.5800000000000054
2017-05,Oceania,40.85,52.23,6.920000000000002
2017-05,South America,85.57,9.09,5.340000000000007
2017-05,Worldwide,72.68,19.32,7.999999999999993
2017-06,Africa,74.23,6.59,19.179999999999996
2017-06,Asia,78.57,11.54,9.890000000000008
2017-06,Europe,69.47,27.44,3.09
2017-06,North America,50.56,48.11,1.3299999999999983
2017-06,Oceania,43.81,52.12,4.07
2017-06,South America,86.19,8.8,5.010000000000002
2017-06,Worldwide,72.89,19.35,7.759999999999998
2017-07,Africa,72.85,5.87,21.280000000000005
2017-07,Asia,78.98,11.17,9.849999999999996
2017-07,Europe,70.88,26.01,3.110000000000003
2017-07,North America,51.29,47.39,1.3200000000000003
2017-07,Oceania,44.66,51.17,4.170000000000002
2017-07,South America,86.26,8.96,4.779999999999994
2017-07,Worldwide,73.39,18.78,7.829999999999998
2017-08,Africa,73.54,5.67,20.789999999999992
2017-08,Asia,79.16,12.01,8.830000000000004
2017-08,Europe,69.95,27.17,2.8799999999999955
2017-08,North America,49.98,48.86,1.1600000000000037
2017-08,Oceania,44.39,52.2,3.4099999999999966
2017-08,South America,86.87,8.44,4.689999999999996
2017-08,Worldwide,72.74,20.32,6.940000000000005
2017-09,Africa,73.43,4.87,21.699999999999992
2017-09,Asia,79.24,11.77,8.990000000000006
2017-09,Europe,70.06,27.18,2.759999999999998
2017-09,North America,52.07,46.72,1.2100000000000009
2017-09,Oceania,43.55,51.53,4.920000000000002
2017-09,South America,87.73,7.93,4.339999999999996
2017-09,Worldwide,73.52,19.37,7.110000000000003
2017-10,Africa,72.96,5.05,21.990000000000006
2017-10,Asia,79.39,11.53,9.08
2017-10,Europe,69.32,28.24,2.4400000000000084
2017-10,North America,50.37,48.57,1.0600000000000023
2017-10,Oceania,43.54,53.25,3.210000000000001
2017-10,South America,87.12,8.5,4.3799999999999955
2017-10,Worldwide,73.05,19.99,6.960000000000004
2017-11,Africa,72.07,5.4,22.53000000000001
2017-11,Asia,80.34,11.16,8.499999999999996
2017-11,Europe,68.89,28.78,2.3299999999999983
2017-11,North America,48.58,50.53,0.8900000000000006
2017-11,Oceania,43.27,54.52,2.2099999999999937
2017-11,South America,86.74,9.03,4.230000000000006
2017-11,Worldwide,73.11,20.34,6.550000000000001
2017-12,Africa,73.24,5.49,21.270000000000003
2017-12,Asia,80.78,10.62,8.6
2017-12,Europe,68.44,29.27,2.2900000000000027
2017-12,North America,49.29,49.89,0.8200000000000003
2017-12,Oceania,44.63,53.11,2.259999999999998
2017-12,South America,86.83,9.07,4.100000000000001
2017-12,Worldwide,73.54,19.91,6.549999999999994
2018-01,Africa,74.77,6.06,19.170000000000005
2018-01,Asia,81.27,10.82,7.910000000000004
2018-01,Europe,69.1,28.78,2.1200000000000045
2018-01,North America,50.39,48.76,0.8500000000000014
2018-01,Oceania,45.01,53.19,1.8000000000000043
2018-01,South America,87.45,8.97,3.5799999999999965
2018-01,Worldwide,74.39,19.64,5.969999999999999
2018-02,Africa,75.5,6.61,17.89
2018-02,Asia,82.36,11.14,6.5
2018-02,Europe,69.35,28.65,2.000000000000007
2018-02,North America,50.0,49.23,0.7700000000000031
2018-02,Oceania,45.45,52.76,1.7899999999999991
2018-02,South America,87.33,9.22,3.450000000000001
2018-02,Worldwide,74.78,20.15,5.07
2018-03,Africa,76.63,6.19,17.180000000000003
2018-03,Asia,82.43,11.09,6.479999999999993
2018-03,Europe,69.77,28.38,1.850000000000005
2018-03,North America,48.67,50.58,0.75
2018-03,Oceania,45.0,53.04,1.9600000000000009
2018-03,South America,87.28,9.51,3.209999999999999
2018-03,Worldwide,74.24,20.83,4.930000000000007
2018-04,Africa,76.81,6.2,16.99
2018-04,Asia,82.89,10.59,6.52
2018-04,Europe,71.46,26.55,1.9900000000000055
2018-04,North America,50.91,48.27,0.8200000000000003
2018-04,Oceania,46.79,51.27,1.9399999999999977
2018-04,South America,87.28,9.54,3.1799999999999997
2018-04,Worldwide,75.66,19.23,5.110000000000003
2018-05,Africa,78.44,6.68,14.880000000000003
2018-05,Asia,83.89,10.32,5.789999999999999
2018-05,Europe,72.44,25.73,1.8300000000000018
2018-05,North America,50.76,48.54,0.7000000000000028
2018-05,Oceania,47.13,50.97,1.8999999999999986
2018-05,South America,87.14,9.91,2.9499999999999993
2018-05,Worldwide,76.53,18.97,4.5
2018-06,Africa,80.74,6.77,12.490000000000006
2018-06,Asia,83.99,10.79,5.220000000000006
2018-06,Europe,74.07,24.06,1.870000000000008
2018-06,North America,51.34,48.0,0.6599999999999966
2018-06,Oceania,48.34,49.82,1.8399999999999963
2018-06,South America,87.16,9.71,3.1300000000000026
2018-06,Worldwide,76.99,18.91,4.100000000000005
2018-07,Africa,80.73,7.35,11.919999999999996
2018-07,Asia,84.8,11.19,4.010000000000003
2018-07,Europe,74.2,24.15,1.6499999999999986
2018-07,North America,52.02,47.39,0.5899999999999963
2018-07,Oceania,47.17,51.31,1.519999999999996
2018-07,South America,87.12,9.98,2.899999999999995
2018-07,Worldwide,77.32,19.4,3.2800000000000082
2018-08,Africa,80.41,7.34,12.250000000000004
2018-08,Asia,83.84,13.14,3.019999999999996
2018-08,Europe,73.67,24.81,1.5199999999999996
2018-08,North America,50.87,48.58,0.5500000000000043
2018-08,Oceania,43.59,55.49,0.9199999999999946
2018-08,South America,87.5,9.65,2.8499999999999996
2018-08,Worldwide,76.82,20.45,2.7300000000000075
2018-09,Africa,82.22,7.73,10.05
2018-09,Asia,84.12,12.51,3.3699999999999957
2018-09,Europe,73.54,25.08,1.3799999999999955
2018-09,North America,50.42,49.1,0.4799999999999969
2018-09,Oceania,44.32,54.97,0.7100000000000009
2018-09,South America,87.38,9.81,2.810000000000004
2018-09,Worldwide,76.61,20.66,2.7300000000000004
2018-10,Africa,82.47,8.48,9.05
2018-10,Asia,83.24,12.79,3.970000000000006
2018-10,Europe,69.85,28.81,1.340000000000007
2018-10,North America,48.46,51.07,0.46999999999999886
2018-10,Oceania,40.74,58.67,0.5899999999999963
2018-10,South America,86.31,11.0,2.6899999999999977
2018-10,Worldwide,74.69,22.34,2.9700000000000024
2018-11,Africa,80.64,9.83,9.53
2018-11,Asia,82.73,13.1,4.169999999999996
2018-11,Europe,64.57,33.84,1.5900000000000034
2018-11,North America,42.63,56.83,0.5399999999999991
2018-11,Oceania,35.3,64.06,0.6400000000000006
2018-11,South America,84.2,12.75,3.049999999999997
2018-11,Worldwide,72.35,24.44,3.2100000000000044
2018-12,Africa,82.09,9.21,8.699999999999996
2018-12,Asia,83.54,12.71,3.749999999999993
2018-12,Europe,70.37,28.35,1.279999999999994
2018-12,North America,47.12,52.43,0.45000000000000284
2018-12,Oceania,41.52,57.89,0.5899999999999963
2018-12,South America,85.91,11.62,2.470000000000004
2018-12,Worldwide,75.16,21.98,2.860000000000003
2019-01,Africa,83.09,9.35,7.559999999999997
2019-01,Asia,82.52,13.8,3.6800000000000033
2019-01,Europe,70.91,27.95,1.1400000000000041
2019-01,North America,47.27,52.28,0.44999999999999574
2019-01,Oceania,43.02,56.43,0.5499999999999972
2019-01,South America,86.23,11.62,2.149999999999997
2019-01,Worldwide,74.45,22.85,2.6999999999999957
2019-02,Africa,82.42,9.77,7.809999999999999
2019-02,Asia,82.42,14.09,3.4899999999999984
2019-02,Europe,71.2,27.69,1.1099999999999959
2019-02,North America,46.97,52.55,0.480000000000004
2019-02,Oceania,42.59,56.82,0.5899999999999963
2019-02,South America,86.34,11.49,2.1699999999999964
2019-02,Worldwide,74.15,23.28,2.569999999999993
2019-03,Africa,84.34,8.57,7.089999999999996
2019-03,Asia,83.62,13.23,3.149999999999995
2019-03,Europe,72.79,26.2,1.0099999999999945
2019-03,North America,49.85,49.7,0.44999999999999574
2019-03,Oceania,44.93,54.6,0.46999999999999886
2019-03,South America,87.77,10.55,1.6800000000000033
2019-03,Worldwide,75.33,22.4,2.270000000000003
2019-04,Africa,83.28,9.92,6.799999999999999
2019-04,Asia,83.25,14.06,2.6899999999999995
2019-04,Europe,73.05,25.96,0.990000000000002
2019-04,North America,49.68,49.9,0.4200000000000017
2019-04,Oceania,45.55,53.91,0.5400000000000063
2019-04,South America,88.26,10.11,1.6299999999999955
2019-04,Worldwide,75.22,22.76,2.0199999999999996
2019-05,Africa,82.77,10.71,6.520000000000003
2019-05,Asia,83.5,13.75,2.75
2019-05,Europe,73.21,25.87,0.9200000000000053
2019-05,North America,50.99,48.68,0.3299999999999983
2019-05,Oceania,44.27,55.15,0.5799999999999983
2019-05,South America,88.38,10.08,1.5400000000000045
2019-05,Worldwide,75.34,22.66,1.9999999999999964
2019-06,Africa,80.95,13.23,5.819999999999997
2019-06,Asia,84.63,12.74,2.6300000000000043
2019-06,Europe,72.48,26.64,0.8799999999999955
2019-06,North America,51.4,48.29,0.3100000000000023
2019-06,Oceania,44.99,54.41,0.6000000000000014
2019-06,South America,88.41,10.13,1.4600000000000026
2019-06,Worldwide,76.03,22.04,1.9299999999999997
2019-07,Africa,79.05,15.85,5.100000000000003
2019-07,Asia,84.67,12.72,2.6099999999999977
2019-07,Europe,73.71,25.43,0.8600000000000065
2019-07,North America,49.57,50.11,0.3200000000000003
2019-07,Oceania,45.94,53.52,0.5399999999999991
2019-07,South America,88.37,10.26,1.3699999999999957
2019-07,Worldwide,76.08,22.01,1.9100000000000001
2019-08,Africa,79.74,15.52,4.7400000000000055
2019-08,Asia,85.07,12.86,2.0700000000000074
2019-08,Europe,74.04,25.13,0.8299999999999947
2019-08,North America,49.28,50.43,0.28999999999999915
2019-08,Oceania,46.07,53.36,0.5700000000000003
2019-08,South America,87.8,11.02,1.1800000000000033
2019-08,Worldwide,76.23,22.17,1.5999999999999943
2019-09,Africa,81.75,13.4,4.85
2019-09,Asia,85.48,12.97,1.5499999999999954
2019-09,Europe,72.73,26.49,0.7799999999999976
2019-09,North America,49.71,50.02,0.269999999999996
2019-09,Oceania,47.04,52.4,0.5600000000000023
2019-09,South America,88.58,10.49,0.9300000000000015
2019-09,Worldwide,76.24,22.48,1.2800000000000047
2019-10,Africa,85.88,8.84,5.280000000000005
2019-10,Asia,85.61,12.86,1.5300000000000011
2019-10,Europe,72.87,26.45,0.6799999999999962
2019-10,North America,51.46,48.29,0.25
2019-10,Oceania,50.34,49.34,0.3199999999999932
2019-10,South America,89.71,9.38,0.9100000000000055
2019-10,Worldwide,76.67,22.09,1.2399999999999984
2019-11,Africa,82.83,12.52,4.650000000000002
2019-11,Asia,86.19,12.11,1.7000000000000028
2019-11,Europe,72.76,26.57,0.6699999999999946
2019-11,North America,49.29,50.47,0.240000000000002
2019-11,Oceania,48.62,51.09,0.28999999999999915
2019-11,South America,89.11,10.02,0.870000000000001
2019-11,Worldwide,75.82,22.9,1.2800000000000082
2019-12,Africa,83.78,11.28,4.9399999999999995
2019-12,Asia,85.9,12.69,1.4099999999999948
2019-12,Europe,71.76,27.58,0.6599999999999966
2019-12,North America,48.55,51.24,0.21000000000000085
2019-12,Oceania,48.19,51.48,0.3300000000000054
2019-12,South America,89.47,9.83,0.7000000000000011
2019-12,Worldwide,74.13,24.79,1.0800000000000054
2020-01,Africa,84.29,11.33,4.379999999999994
2020-01,Asia,85.46,13.42,1.1200000000000063
2020-01,Europe,72.58,26.77,0.6500000000000021
2020-01,North America,47.75,52.0,0.25
2020-01,Oceania,48.3,51.37,0.3300000000000054
2020-01,South America,89.62,9.76,0.6199999999999957
2020-01,Worldwide,74.3,24.76,0.9400000000000013
2020-02,Africa,85.25,12.11,2.6400000000000006
2020-02,Asia,83.94,15.03,1.030000000000003
2020-02,Europe,71.89,27.55,0.5599999999999987
2020-02,North America,47.05,52.67,0.28000000000000114
2020-02,Oceania,48.2,51.47,0.3299999999999983
2020-02,South America,89.54,9.82,0.6399999999999935
2020-02,Worldwide,73.3,25.89,0.8100000000000023
2020-03,Africa,85.63,13.58,0.7900000000000045
2020-03,Asia,83.66,15.27,1.0700000000000038
2020-03,Europe,71.77,27.72,0.5100000000000051
2020-03,North America,45.16,54.62,0.22000000000000597
2020-03,Oceania,48.17,51.54,0.28999999999999915
2020-03,South America,89.07,10.38,0.550000000000006
2020-03,Worldwide,72.26,27.03,0.7099999999999937
2020-04,Africa,85.44,13.19,1.3700000000000028
2020-04,Asia,82.55,16.71,0.740000000000002
2020-04,Europe,70.43,29.18,0.38999999999999346
2020-04,North America,44.28,55.53,0.18999999999999773
2020-04,Oceania,48.15,51.57,0.28000000000000114
2020-04,South America,89.28,10.24,0.47999999999999865
2020-04,Worldwide,70.68,28.79,0.529999999999994
2020-05,Africa,85.66,12.5,1.8400000000000034
2020-05,Asia,82.38,16.67,0.9500000000000028
2020-05,Europe,70.88,28.73,0.3900000000000041
2020-05,North America,47.31,52.49,0.19999999999999574
2020-05,Oceania,49.74,49.94,0.3200000000000003
2020-05,South America,87.91,11.66,0.43000000000000327
2020-05,Worldwide,72.6,26.72,0.6800000000000068
2020-06,Africa,85.79,12.3,1.909999999999993
2020-06,Asia,82.74,16.52,0.7400000000000055
2020-06,Europe,73.32,26.25,0.4300000000000068
2020-06,North America,48.55,51.24,0.21000000000000085
2020-06,Oceania,50.73,48.91,0.36000000000000654
2020-06,South America,89.13,10.5,0.37000000000000455
2020-06,Worldwide,74.14,25.26,0.5999999999999979
2020-07,Africa,86.39,11.08,2.5299999999999994
2020-07,Asia,83.08,16.26,0.6600000000000001
2020-07,Europe,73.87,25.71,0.4199999999999946
2020-07,North America,47.53,52.24,0.22999999999999687
2020-07,Oceania,49.82,49.79,0.39000000000000057
2020-07,South America,88.47,11.18,0.3500000000000014
2020-07,Worldwide,74.6,24.82,0.5800000000000054
2020-08,Africa,86.89,10.57,2.539999999999999
2020-08,Asia,82.8,16.56,0.6400000000000041
2020-08,Europe,73.18,26.39,0.4299999999999926
2020-08,North America,46.98,52.79,0.23000000000000398
2020-08,Oceania,49.39,50.19,0.4200000000000017
2020-08,South America,88.52,11.18,0.30000000000000426
2020-08,Worldwide,74.25,25.15,0.6000000000000014
2020-09,Africa,87.21,10.17,2.6200000000000063
2020-09,Asia,83.53,15.85,0.6199999999999992
2020-09,Europe,72.86,26.67,0.46999999999999886
2020-09,North America,46.23,53.55,0.22000000000000597
2020-09,Oceania,49.39,50.19,0.4200000000000017
2020-09,South America,88.38,11.35,0.2700000000000049
2020-09,Worldwide,74.44,24.98,0.5800000000000018
2020-10,Africa,86.74,10.66,2.600000000000005
2020-10,Asia,83.24,16.17,0.5900000000000034
2020-10,Europe,67.81,31.77,0.41999999999999815
2020-10,North America,46.06,53.73,0.21000000000000085
2020-10,Oceania,48.13,51.49,0.37999999999999545
2020-10,South America,87.59,12.14,0.269999999999996
2020-10,Worldwide,72.92,26.53,0.5499999999999972
2020-11,Africa,86.74,10.58,2.680000000000005
2020-11,Asia,82.06,17.15,0.7899999999999991
2020-11,Europe,68.2,31.42,0.37999999999999545
2020-11,North America,44.2,55.59,0.20999999999999375
2020-11,Oceania,47.88,51.74,0.37999999999999545
2020-11,South America,88.62,11.07,0.30999999999999517
2020-11,Worldwide,71.18,28.19,0.6299999999999919
2020-12,Africa,85.45,12.11,2.4399999999999977
2020-12,Asia,83.7,15.58,0.7199999999999971
2020-12,Europe,68.33,31.31,0.360000000000003
2020-12,North America,43.85,55.94,0.21000000000000085
2020-12,Oceania,48.15,51.49,0.35999999999999943
2020-12,South America,88.73,10.97,0.2999999999999954
2020-12,Worldwide,72.48,26.91,0.6099999999999959
2021-01,Africa,83.69,14.33,1.9800000000000022
2021-01,Asia,82.95,16.35,0.6999999999999957
2021-01,Europe,68.52,31.01,0.4700000000000024
2021-01,North America,43.54,56.22,0.240000000000002
2021-01,Oceania,47.61,51.91,0.480000000000004
2021-01,South America,88.81,10.91,0.2799999999999976
2021-01,Worldwide,71.93,27.47,0.5999999999999943
2021-02,Africa,81.11,16.79,2.1000000000000014
2021-02,Asia,82.85,16.32,0.8300000000000054
2021-02,Europe,68.05,31.14,0.8100000000000023
2021-02,North America,44.18,55.5,0.3200000000000003
2021-02,Oceania,47.69,51.52,0.7899999999999991
2021-02,South America,88.6,11.08,0.3200000000000056
2021-02,Worldwide,71.9,27.33,0.769999999999996
2021-03,Africa,79.71,18.35,1.9400000000000048
2021-03,Asia,82.3,16.85,0.8500000000000014
2021-03,Europe,68.82,30.41,0.7700000000000067
2021-03,North America,44.47,55.22,0.3100000000000023
2021-03,Oceania,47.62,51.61,0.7700000000000031
2021-03,South America,88.74,10.93,0.3300000000000054
2021-03,Worldwide,71.83,27.41,0.7600000000000016
2021-04,Africa,79.29,18.62,2.0899999999999928
2021-04,Asia,82.59,16.51,0.899999999999995
2021-04,Europe,68.82,30.39,0.7900000000000063
2021-04,North America,45.05,54.62,0.3300000000000054
2021-04,Oceania,47.26,51.82,0.9200000000000017
2021-04,South America,88.76,10.93,0.30999999999999517
2021-04,Worldwide,72.19,27.0,0.8100000000000023
2021-05,Africa,81.61,16.23,2.16
2021-05,Asia,82.95,16.14,0.9099999999999966
2021-05,Europe,68.43,30.83,0.7399999999999949
2021-05,North America,45.72,53.93,0.3500000000000014
2021-05,Oceania,46.32,52.73,0.9500000000000028
2021-05,South America,88.99,10.7,0.3100000000000058
2021-05,Worldwide,72.72,26.46,0.8200000000000003
2021-06,Africa,83.5,14.47,2.0299999999999994
2021-06,Asia,82.72,16.34,0.9400000000000013
2021-06,Europe,69.15,30.1,0.7499999999999929
2021-06,North America,46.03,53.62,0.3500000000000014
2021-06,Oceania,45.76,53.22,1.0200000000000031
2021-06,South America,88.77,10.9,0.3300000000000036
2021-06,Worldwide,72.83,26.35,0.8200000000000003
2021-07,Africa,81.49,15.95,2.560000000000006
2021-07,Asia,82.56,16.49,0.9499999999999993
2021-07,Europe,68.44,30.82,0.740000000000002
2021-07,North America,46.03,53.6,0.36999999999999744
2021-07,Oceania,44.5,53.67,1.8299999999999983
2021-07,South America,88.4,11.28,0.31999999999999496
2021-07,Worldwide,72.21,26.92,0.8700000000000045
2021-08,Africa,82.04,15.68,2.279999999999994
2021-08,Asia,83.01,16.05,0.9399999999999942
2021-08,Europe,69.29,30.02,0.6899999999999942
2021-08,North America,46.83,52.8,0.37000000000000455
2021-08,Oceania,45.48,52.27,2.25
2021-08,South America,89.04,10.66,0.2999999999999936
2021-08,Worldwide,72.74,26.42,0.8400000000000034
2021-09,Africa,82.92,14.9,2.179999999999998
2021-09,Asia,83.21,15.9,0.8900000000000059
2021-09,Europe,67.13,32.16,0.710000000000008
2021-09,North America,46.67,52.98,0.3500000000000014
2021-09,Oceania,45.47,52.78,1.75
2021-09,South America,88.98,10.72,0.2999999999999954
2021-09,Worldwide,72.44,26.75,0.8100000000000023
2021-10,Africa,83.27,14.57,2.1600000000000037
2021-10,Asia,83.21,16.04,0.7500000000000071
2021-10,Europe,63.02,36.42,0.5599999999999952
2021-10,North America,46.16,53.5,0.3400000000000034
2021-10,Oceania,44.2,54.42,1.3799999999999955
2021-10,South America,88.23,11.46,0.30999999999999517
2021-10,Worldwide,71.09,28.21,0.6999999999999957
2021-11,Africa,83.54,14.53,1.9299999999999944
2021-11,Asia,82.96,16.21,0.8300000000000054
2021-11,Europe,64.02,35.42,0.5600000000000023
2021-11,North America,45.21,54.45,0.3399999999999963
2021-11,Oceania,44.67,54.09,1.2399999999999949
2021-11,South America,88.08,11.65,0.27000000000000135
2021-11,Worldwide,70.74,28.54,0.720000000000006
2021-12,Africa,82.66,15.48,1.860000000000003
2021-12,Asia,82.07,17.1,0.8300000000000054
2021-12,Europe,63.64,35.66,0.7000000000000028
2021-12,North America,44.09,55.58,0.3299999999999983
2021-12,Oceania,44.58,53.83,1.5900000000000034
2021-12,South America,87.5,12.22,0.27999999999999936
2021-12,Worldwide,70.01,29.24,0.7499999999999964
2022-01,Africa,82.79,15.53,1.6799999999999944
2022-01,Asia,81.44,17.73,0.8300000000000018
2022-01,Europe,63.85,35.33,0.8200000000000003
2022-01,North America,43.68,55.98,0.3400000000000034
2022-01,Oceania,42.92,55.06,2.019999999999996
2022-01,South America,88.08,11.66,0.26000000000000156
2022-01,Worldwide,69.74,29.49,0.7700000000000067
2022-02,Africa,84.37,14.21,1.4199999999999946
2022-02,Asia,81.23,17.9,0.8699999999999974
2022-02,Europe,64.66,34.52,0.8200000000000003
2022-02,North America,45.8,53.87,0.3300000000000054
2022-02,Oceania,42.94,54.88,2.1799999999999997
2022-02,South America,90.72,9.05,0.23000000000000043
2022-02,Worldwide,70.94,28.29,0.7700000000000031
2022-03,Africa,84.01,14.29,1.6999999999999957
2022-03,Asia,81.4,17.78,0.8199999999999932
2022-03,Europe,69.32,29.98,0.7000000000000064
2022-03,North America,45.53,54.15,0.3200000000000003
2022-03,Oceania,43.73,54.29,1.980000000000004
2022-03,South America,89.57,10.16,0.2700000000000067
2022-03,Worldwide,71.7,27.57,0.7299999999999969
2022-04,Africa,83.0,14.37,2.630000000000001
2022-04,Asia,81.24,18.0,0.7600000000000051
2022-04,Europe,71.81,27.6,0.5899999999999963
2022-04,North America,45.36,54.32,0.3200000000000003
2022-04,Oceania,44.91,53.38,1.7100000000000009
2022-04,South America,88.43,11.31,0.2599999999999927
2022-04,Worldwide,71.59,27.68,0.7299999999999969
2022-05,Africa,83.9,14.03,2.069999999999995
2022-05,Asia,81.36,17.91,0.7300000000000004
2022-05,Europe,67.79,31.43,0.779999999999994
2022-05,North America,45.6,54.1,0.29999999999999716
2022-05,Oceania,44.31,54.49,1.1999999999999957
2022-05,South America,88.13,11.62,0.25000000000000533
2022-05,Worldwide,71.45,27.83,0.7199999999999989
2022-06,Africa,86.05,12.19,1.7600000000000033
2022-06,Asia,81.97,17.41,0.620000000000001
2022-06,Europe,66.81,32.31,0.8799999999999955
2022-06,North America,46.21,53.48,0.3100000000000023
2022-06,Oceania,44.82,54.07,1.1099999999999994
2022-06,South America,87.86,11.88,0.2599999999999998
2022-06,Worldwide,72.12,27.22,0.6599999999999966
2022-07,Africa,83.92,13.87,2.209999999999999
2022-07,Asia,81.52,17.92,0.5600000000000023
2022-07,Europe,67.09,32.02,0.8899999999999935
2022-07,North America,47.24,52.41,0.3500000000000014
2022-07,Oceania,57.58,41.54,0.8800000000000026
2022-07,South America,87.63,12.09,0.2800000000000047
2022-07,Worldwide,71.85,27.5,0.6500000000000057
2022-08,Africa,84.4,13.42,2.1799999999999944
2022-08,Asia,82.27,17.18,0.5500000000000043
2022-08,Europe,67.22,31.87,0.9100000000000001
2022-08,North America,45.81,53.88,0.30999999999999517
2022-08,Oceania,48.22,50.84,0.9399999999999977
2022-08,South America,87.05,12.69,0.26000000000000334
2022-08,Worldwide,71.52,27.83,0.6500000000000057
2022-09,Africa,83.85,13.21,2.940000000000005
2022-09,Asia,82.99,16.49,0.5200000000000067
2022-09,Europe,64.67,34.57,0.759999999999998
2022-09,North America,46.83,52.83,0.3400000000000034
2022-09,Oceania,44.37,54.69,0.9400000000000048
2022-09,South America,86.0,13.72,0.27999999999999936
2022-09,Worldwide,71.55,27.8,0.6500000000000021
2022-10,Africa,84.06,13.31,2.6299999999999972
2022-10,Asia,83.38,16.06,0.5600000000000058
2022-10,Europe,61.1,38.42,0.4799999999999969
2022-10,North America,47.64,52.01,0.3500000000000014
2022-10,Oceania,42.01,57.12,0.8700000000000045
2022-10,South America,85.46,14.25,0.29000000000000625
2022-10,Worldwide,70.98,28.41,0.6099999999999959
2022-11,Africa,83.87,14.17,1.9599999999999955
2022-11,Asia,83.55,15.92,0.5300000000000029
2022-11,Europe,63.58,35.92,0.5
2022-11,North America,46.47,53.13,0.3999999999999986
2022-11,Oceania,43.59,55.47,0.9399999999999977
2022-11,South America,85.98,13.67,0.3499999999999961
2022-11,Worldwide,71.96,27.48,0.5600000000000058
2022-12,Africa,83.83,14.14,2.030000000000001
2022-12,Asia,82.95,16.39,0.6599999999999966
2022-12,Europe,64.48,34.98,0.5399999999999991
2022-12,North America,46.43,53.15,0.4200000000000017
2022-12,Oceania,44.51,54.52,0.9699999999999989
2022-12,South America,85.93,13.73,0.33999999999999275
2022-12,Worldwide,72.37,26.98,0.649999999999995
2023-01,Africa,83.59,14.18,2.229999999999997
2023-01,Asia,83.46,15.94,0.6000000000000068
2023-01,Europe,63.62,35.84,0.5399999999999991
2023-01,North America,44.84,54.76,0.3999999999999986
2023-01,Oceania,43.5,55.55,0.9500000000000028
2023-01,South America,85.33,14.33,0.34000000000000163
2023-01,Worldwide,71.77,27.6,0.6300000000000026
2023-02,Africa,87.11,11.19,1.700000000000001
2023-02,Asia,82.22,17.15,0.6300000000000026
2023-02,Europe,64.63,34.81,0.5600000000000023
2023-02,North America,45.38,54.26,0.35999999999999943
2023-02,Oceania,43.68,55.36,0.9600000000000009
2023-02,South America,85.49,14.17,0.3400000000000052
2023-02,Worldwide,72.27,27.1,0.6300000000000026
2023-03,Africa,81.94,14.98,3.080000000000002
2023-03,Asia,80.99,18.35,0.6600000000000037
2023-03,Europe,65.05,34.39,0.5600000000000023
2023-03,North America,45.23,54.34,0.4299999999999997
2023-03,Oceania,42.97,56.05,0.980000000000004
2023-03,South America,85.87,13.83,0.2999999999999954
2023-03,Worldwide,70.88,28.42,0.7000000000000028
2023-04,Africa,80.88,15.98,3.140000000000004
2023-04,Asia,78.76,20.49,0.7499999999999964
2023-04,Europe,62.89,36.52,0.5899999999999963
2023-04,North America,42.47,57.05,0.480000000000004
2023-04,Oceania,40.75,58.18,1.0700000000000003
2023-04,South America,83.27,16.31,0.42000000000000526
2023-04,Worldwide,68.61,30.61,0.7800000000000011
2023-05,Africa,83.52,14.16,2.320000000000004
2023-05,Asia,77.38,21.69,0.9300000000000033
2023-05,Europe,61.86,37.59,0.5499999999999972
2023-05,North America,40.77,58.81,0.4199999999999946
2023-05,Oceania,39.91,59.05,1.0400000000000063
2023-05,South America,82.92,16.66,0.41999999999999815
2023-05,Worldwide,67.72,31.44,0.8399999999999999
2023-06,Africa,86.61,11.54,1.8500000000000014
2023-06,Asia,78.63,20.54,0.8300000000000054
2023-06,Europe,65.25,34.22,0.5300000000000011
2023-06,North America,45.2,54.32,0.4799999999999969
2023-06,Oceania,44.06,55.02,0.9199999999999946
2023-06,South America,84.94,14.69,0.37000000000000277
2023-06,Worldwide,70.79,28.44,0.7699999999999925
2023-07,Africa,83.6,14.03,2.3700000000000063
2023-07,Asia,79.8,19.43,0.7700000000000031
2023-07,Europe,65.52,33.94,0.5400000000000063
2023-07,North America,45.31,54.29,0.3999999999999986
2023-07,Oceania,44.28,54.74,0.9799999999999969
2023-07,South America,85.12,14.46,0.4199999999999946
2023-07,Worldwide,70.87,28.39,0.7399999999999949
2023-08,Africa,83.37,14.02,2.609999999999996
2023-08,Asia,79.9,19.43,0.6699999999999946
2023-08,Europe,65.65,33.8,0.5499999999999972
2023-08,North America,45.25,54.32,0.4299999999999997
2023-08,Oceania,43.29,55.67,1.0399999999999991
2023-08,South America,85.3,14.32,0.38000000000000256
2023-08,Worldwide,70.76,28.53,0.7099999999999937
2023-09,Africa,83.68,14.34,1.9799999999999933
2023-09,Asia,78.51,20.81,0.6799999999999962
2023-09,Europe,63.96,35.52,0.519999999999996
2023-09,North America,45.64,53.92,0.4399999999999977
2023-09,Oceania,42.08,56.98,0.9400000000000048
2023-09,South America,84.22,15.47,0.3100000000000005
2023-09,Worldwide,69.74,29.58,0.6800000000000068
2023-10,Africa,84.12,13.84,2.0399999999999956
2023-10,Asia,78.62,20.68,0.6999999999999957
2023-10,Europe,64.23,35.28,0.4899999999999949
2023-10,North America,45.13,54.38,0.4899999999999949
2023-10,Oceania,41.52,57.63,0.8499999999999943
2023-10,South America,83.35,16.39,0.2600000000000051
2023-10,Worldwide,69.66,29.65,0.6900000000000048
2023-11,Africa,84.91,13.27,1.8200000000000038
2023-11,Asia,79.03,20.23,0.7399999999999984
2023-11,Europe,66.3,33.21,0.490000000000002
2023-11,North America,43.33,56.15,0.5200000000000031
2023-11,Oceania,41.67,57.44,0.8900000000000006
2023-11,South America,83.79,15.96,0.2499999999999929
2023-11,Worldwide,70.19,29.12,0.6900000000000013
2023-12,Africa,85.33,12.7,1.9700000000000024
2023-12,Asia,79.84,19.38,0.7799999999999976
2023-12,Europe,66.22,33.3,0.480000000000004
2023-12,North America,41.23,58.3,0.47000000000000597
2023-12,Oceania,42.89,56.13,0.9799999999999969
2023-12,South America,83.61,16.13,0.26000000000000156
2023-12,Worldwide,70.48,28.8,0.7199999999999953
2024-01,Africa,84.9,12.82,2.279999999999994
2024-01,Asia,78.61,20.6,0.7899999999999991
2024-01,Europe,66.09,33.42,0.4899999999999949
2024-01,North America,41.41,58.17,0.4200000000000017
2024-01,Oceania,41.71,57.31,0.9799999999999969
2024-01,South America,83.87,15.87,0.25999999999999623
2024-01,Worldwide,69.98,29.27,0.7499999999999964
2024-02,Africa,88.31,9.94,1.7499999999999982
2024-02,Asia,78.69,20.55,0.7600000000000016
2024-02,Europe,66.9,32.59,0.5099999999999909
2024-02,North America,42.06,57.54,0.3999999999999986
2024-02,Oceania,43.9,55.08,1.0200000000000031
2024-02,South America,84.26,15.5,0.23999999999999488
2024-02,Worldwide,71.43,27.84,0.7299999999999933
2024-03,Africa,85.16,12.5,2.3400000000000034
2024-03,Asia,78.41,20.8,0.7900000000000027
2024-03,Europe,67.39,32.09,0.519999999999996
2024-03,North America,42.87,56.77,0.35999999999999943
2024-03,Oceania,44.62,54.37,1.0100000000000051
2024-03,South America,85.02,14.73,0.25000000000000355
2024-03,Worldwide,70.78,28.46,0.759999999999998
2024-04,Africa,85.28,12.39,2.3299999999999983
2024-04,Asia,79.29,19.94,0.7699999999999925
2024-04,Europe,67.45,32.05,0.5
2024-04,North America,44.81,54.84,0.3499999999999943
2024-04,Oceania,45.12,53.9,0.980000000000004
2024-04,South America,83.56,16.13,0.3099999999999987
2024-04,Worldwide,71.31,27.95,0.7399999999999984
2024-05,Africa,85.57,11.99,2.4400000000000066
2024-05,Asia,79.48,19.69,0.8299999999999947
2024-05,Europe,67.87,31.63,0.49999999999999645
2024-05,North America,45.84,53.85,0.30999999999999517
2024-05,Oceania,47.18,51.92,0.8999999999999986
2024-05,South America,83.48,16.27,0.24999999999999645
2024-05,Worldwide,71.5,27.73,0.7699999999999996
2024-06,Africa,87.81,10.94,1.2499999999999982
2024-06,Asia,79.85,19.38,0.7700000000000067
2024-06,Europe,69.21,30.3,0.49000000000000554
2024-06,North America,45.51,54.16,0.3300000000000054
2024-06,Oceania,49.17,49.96,0.8699999999999974
2024-06,South America,84.0,15.75,0.25
2024-06,Worldwide,72.17,27.16,0.6699999999999982
2024-07,Africa,86.46,12.18,1.3600000000000065
2024-07,Asia,79.45,19.81,0.7399999999999984
2024-07,Europe,69.77,29.74,0.49000000000000554
2024-07,North America,45.26,54.46,0.28000000000000114
2024-07,Oceania,50.49,48.6,0.9099999999999966
2024-07,South America,84.68,15.07,0.2499999999999929
2024-07,Worldwide,71.62,27.75,0.6299999999999955
2024-08,Africa,86.25,12.45,1.3000000000000007
2024-08,Asia,80.14,19.21,0.6499999999999986
2024-08,Europe,68.03,31.5,0.46999999999999886
2024-08,North America,44.19,55.52,0.28999999999999915
2024-08,Oceania,47.86,51.19,0.9500000000000028
2024-08,South America,83.43,16.33,0.23999999999999488
2024-08,Worldwide,71.7,27.71,0.5899999999999963
2024-09,Africa,85.87,12.84,1.2899999999999956
2024-09,Asia,81.2,18.23,0.5699999999999967
2024-09,Europe,65.43,34.1,0.46999999999999176
2024-09,North America,43.91,55.82,0.2700000000000031
2024-09,Oceania,47.19,52.01,0.8000000000000043
2024-09,South America,83.33,16.45,0.22000000000000242
2024-09,Worldwide,71.84,27.61,0.5499999999999972
2024-10,Africa,84.24,14.4,1.3600000000000048
2024-10,Asia,81.8,17.66,0.5400000000000027
2024-10,Europe,63.05,36.5,0.45000000000000284
2024-10,North America,48.49,51.31,0.19999999999999574
2024-10,Oceania,46.36,52.92,0.7199999999999989
2024-10,South America,82.49,17.31,0.2000000000000064
2024-10,Worldwide,71.12,28.38,0.49999999999999645
2024-11,Africa,85.42,13.36,1.2199999999999989
2024-11,Asia,82.52,16.98,0.5000000000000036
2024-11,Europe,66.49,33.05,0.46000000000000796
2024-11,North America,44.89,54.91,0.20000000000000284
2024-11,Oceania,48.64,50.64,0.7199999999999989
2024-11,South America,88.25,11.6,0.15000000000000036
2024-11,Worldwide,71.85,27.69,0.4600000000000044
2024-12,Africa,85.78,13.06,1.1599999999999984
2024-12,Asia,81.77,17.75,0.480000000000004
2024-12,Europe,66.17,33.36,0.46999999999999886
2024-12,North America,49.68,50.08,0.240000000000002
2024-12,Oceania,48.42,50.81,0.769999999999996
2024-12,South America,88.28,11.56,0.15999999999999837
2024-12,Worldwide,73.49,26.04,0.47000000000000597
2025-01,Africa,85.29,13.58,1.1299999999999937
2025-01,Asia,80.1,19.4,0.5000000000000071
2025-01,Europe,65.61,33.92,0.46999999999999886
2025-01,North America,48.86,50.89,0.25
2025-01,Oceania,47.99,51.24,0.769999999999996
2025-01,South America,87.04,12.79,0.1699999999999946
2025-01,Worldwide,72.21,27.32,0.47000000000000597
2025-02,Africa,85.75,13.27,0.9800000000000004
2025-02,Asia,79.4,20.12,0.4799999999999933
2025-02,Europe,66.29,33.25,0.45999999999999375
2025-02,North America,47.12,52.63,0.25
2025-02,Oceania,49.1,50.14,0.759999999999998
2025-02,South America,85.72,14.0,0.28000000000000114
2025-02,Worldwide,71.75,27.78,0.46999999999999886
2025-03,Africa,84.75,14.08,1.17
2025-03,Asia,80.21,19.42,0.37000000000000455
2025-03,Europe,65.55,33.98,0.47000000000000597
2025-03,North America,47.77,51.99,0.23999999999999488
2025-03,Oceania,48.46,50.89,0.6499999999999986
2025-03,South America,86.03,13.8,0.16999999999999815
2025-03,Worldwide,71.95,27.63,0.41999999999999815
2025-04,Africa,84.68,13.91,1.409999999999993
2025-04,Asia,81.43,18.26,0.3099999999999916
2025-04,Europe,65.03,34.48,0.490000000000002
2025-04,North America,47.0,52.76,0.240000000000002
2025-04,Oceania,48.4,50.98,0.6200000000000045
2025-04,South America,85.25,14.59,0.16000000000000014
2025-04,Worldwide,72.23,27.39,0.37999999999999545
2025-05,Africa,86.62,12.12,1.2599999999999962
2025-05,Asia,81.16,18.53,0.3100000000000023
2025-05,Europe,64.01,35.51,0.4799999999999969
2025-05,North America,47.53,52.25,0.21999999999999886
2025-05,Oceania,45.98,53.47,0.5500000000000043
2025-05,South America,90.86,9.05,0.08999999999999986
2025-05,Worldwide,72.72,26.92,0.35999999999999943
2025-06,Africa,88.89,10.15,0.9599999999999991
2025-06,Asia,81.44,18.25,0.3100000000000023
2025-06,Europe,65.1,34.4,0.5000000000000071
2025-06,North America,49.09,50.69,0.21999999999999886
2025-06,Oceania,46.84,52.51,0.6499999999999986
2025-06,South America,93.9,6.03,0.06999999999999407
2025-06,Worldwide,74.18,25.47,0.3499999999999943
2025-07,Africa,84.58,13.93,1.490000000000002
2025-07,Asia,82.48,17.23,0.2899999999999956
2025-07,Europe,65.21,34.23,0.5600000000000094
2025-07,North America,45.03,54.71,0.259999999999998
2025-07,Oceania,47.6,51.73,0.6700000000000017
2025-07,South America,84.3,15.53,0.17000000000000348
2025-07,Worldwide,72.03,27.59,0.379999999999999
2025-08,Africa,84.34,14.04,1.6199999999999974
2025-08,Asia,83.96,15.73,0.3100000000000058
2025-08,Europe,65.32,34.13,0.5500000000000043
2025-08,North America,46.23,53.54,0.23000000000000398
2025-08,Oceania,57.69,41.83,0.480000000000004
2025-08,South America,84.0,15.82,0.17999999999999972
2025-08,Worldwide,73.93,25.68,0.38999999999999346
2025-09,Africa,84.14,14.28,1.58
2025-09,Asia,85.79,13.92,0.2899999999999938
2025-09,Europe,62.69,36.77,0.5399999999999991
2025-09,North America,44.09,55.66,0.25
2025-09,Oceania,46.81,52.4,0.7899999999999991
2025-09,South America,82.54,17.28,0.1799999999999926
2025-09,Worldwide,75.17,24.45,0.379999999999999
2025-10,Africa,83.58,15.17,1.2500000000000018
2025-10,Asia,83.33,16.3,0.370000000000001
2025-10,Europe,61.71,37.77,0.519999999999996
2025-10,North America,44.17,55.59,0.23999999999999488
2025-10,Oceania,43.97,55.16,0.8700000000000045
2025-10,South America,84.44,15.4,0.16000000000000192
2025-10,Worldwide,72.59,27.0,0.4099999999999966
2025-11,Africa,84.04,14.76,1.199999999999994
2025-11,Asia,82.91,16.7,0.3900000000000041
2025-11,Europe,61.81,37.63,0.5599999999999952
2025-11,North America,42.33,57.42,0.25
2025-11,Oceania,43.41,55.86,0.730000000000004
2025-11,South America,83.76,16.05,0.18999999999999417
2025-11,Worldwide,71.9,27.67,0.4299999999999926
2025-12,Africa,83.55,15.19,1.2600000000000033
2025-12,Asia,82.37,17.32,0.30999999999999517
2025-12,Europe,60.3,39.18,0.5200000000000031
2025-12,North America,41.32,58.41,0.2700000000000031
2025-12,Oceania,42.75,56.41,0.8400000000000034
2025-12,South America,84.63,15.2,0.17000000000000526
2025-12,Worldwide,71.71,27.91,0.3800000000000061
2026-01,Africa,83.29,15.54,1.1699999999999946
2026-01,Asia,80.91,18.75,0.3400000000000034
2026-01,Europe,60.47,39.0,0.5300000000000011
2026-01,North America,40.98,58.74,0.28000000000000114
2026-01,Oceania,42.28,56.93,0.7899999999999991
2026-01,South America,81.47,18.33,0.20000000000000284
2026-01,Worldwide,70.37,29.24,0.389999999999997
2026-02,Africa,84.94,14.74,0.32000000000000206
2026-02,Asia,78.63,21.14,0.23000000000000398
2026-02,Europe,61.23,38.3,0.47000000000000597
2026-02,North America,39.61,60.16,0.23000000000000398
2026-02,Oceania,40.54,58.9,0.5600000000000023
2026-02,South America,79.57,20.24,0.19000000000000838
2026-02,Worldwide,68.24,31.48,0.2800000000000047
2026-03,Africa,82.79,17.01,0.19999999999999218
2026-03,Asia,78.48,21.3,0.2199999999999953
2026-03,Europe,59.39,40.15,0.46000000000000085
2026-03,North America,37.94,61.85,0.21000000000000085
2026-03,Oceania,39.19,60.27,0.5399999999999991
2026-03,South America,80.97,18.89,0.14000000000000057
2026-03,Worldwide,67.46,32.27,0.2700000000000031
2026-04,Africa,82.65,17.24,0.10999999999999588
2026-04,Asia,77.84,22.04,0.11999999999999744
2026-04,Europe,59.17,40.7,0.12999999999999545
2026-04,North America,38.19,61.74,0.07000000000000028
2026-04,Oceania,38.8,61.04,0.1600000000000037
2026-04,South America,81.9,18.07,0.02999999999999403
2026-04,Worldwide,67.35,32.55,0.10000000000000853
2026-05,Africa,83.2,16.72,0.0799999999999983
2026-05,Asia,78.35,21.56,0.09000000000000696
2026-05,Europe,57.59,42.38,0.02999999999999403
2026-05,North America,39.57,60.4,0.030000000000001137
2026-05,Oceania,39.17,60.81,0.01999999999999602
2026-05,South America,82.36,17.63,0.010000000000001563
2026-05,Worldwide,67.99,31.95,0.060000000000005826
2026-06,Africa,83.98,15.97,0.04999999999999538
2026-06,Asia,78.57,21.35,0.0800000000000054
2026-06,Europe,61.26,38.71,0.030000000000001137
2026-06,North America,42.98,57.0,0.020000000000003126
2026-06,Oceania,42.85,57.13,0.01999999999999602
2026-06,South America,81.26,18.73,0.009999999999994458
2026-06,Worldwide,69.22,30.72,0.060000000000002274
